aurc,coverage,family,num_cases,overall_risk,selective_risk,tau
0.03164362162351608,0.8444444444444444,id,180,0.06555607169866562,0.053284939378499985,6.440747261047363
0.03674797713756561,0.8333333333333334,parameter_shift,552,0.06844507902860641,0.05631965398788452,6.440747261047363
0.03023957833647728,0.7932692307692307,geometry_shift,416,0.06461607664823532,0.04646569490432739,6.440747261047363
0.03164362162351608,0.8444444444444444,long_rollout,180,0.06555607169866562,0.053284939378499985,6.440747261047363
