model_rollout_seconds,one_step_mae,one_step_relative_rmse,one_step_rmse,rollout_mae,rollout_relative_rmse,rollout_rmse,rollout_steps,solver_seconds
0.11525234800137696,0.0021141921170055866,0.1147924137518377,0.01320834830403328,0.026776868849992752,1.017981653858236,0.11639771610498428,79.0,0.007223750999401091
0.1022010289998434,0.0020485275890678167,0.12497444624608997,0.013861729763448238,0.02605142816901207,1.0181718308950276,0.11222418397665024,79.0,0.007088438998835045
0.1003416309995373,0.0014734809519723058,0.2220847889950701,0.001985090086236596,0.013303170911967754,1.9093442693629408,0.01696346513926983,79.0,0.0074290480006311554
0.10098134899999422,0.0014460452366620302,0.24076873214069153,0.0019585522823035717,0.012864920310676098,2.035302615715989,0.01645721308887005,79.0,0.007071756999721401
0.10270642700015742,0.004638696555048227,0.15655271796135475,0.023680226877331734,0.058549921959638596,1.0151150789891912,0.1525854617357254,79.0,0.007370715000433847
0.1000648450008157,0.004883302375674248,0.16364229805106117,0.028020387515425682,0.06305364519357681,1.0103347767380462,0.17191563546657562,79.0,0.006994746998316259
0.10136047200103349,0.0028615144547075033,0.18774144667450157,0.005123113747686148,0.01940476894378662,1.1266958658866422,0.03055831976234913,79.0,0.007070744000884588
0.10144127900093736,0.0028816526755690575,0.1846984744312837,0.005217394791543484,0.019770678132772446,1.1179766833786557,0.03138817101716995,79.0,0.007071345000440488
