model_rollout_seconds,one_step_mae,one_step_relative_rmse,one_step_rmse,rollout_mae,rollout_relative_rmse,rollout_rmse,rollout_steps,solver_seconds
0.10189034799986985,0.0014734809519723058,0.2220847889950701,0.001985090086236596,0.013303170911967754,1.9093442693629408,0.01696346513926983,79.0,0.006920372999957181
0.10095822400035104,0.0014692164259031415,0.22428616973978743,0.0019827194046229124,0.013188647106289864,1.9098209925608955,0.016781385987997055,79.0,0.0075417770003696205
0.10062437700071314,0.0014713229611515999,0.22631506174236243,0.0019827550277113914,0.013184240087866783,1.9243733311913989,0.016757946461439133,79.0,0.006968556999709108
0.10149953099971754,0.0014409449649974704,0.22533068154341962,0.001952304388396442,0.013167713768780231,1.9403965495458808,0.01671065017580986,79.0,0.006937758000276517
0.10094719199878455,0.0014505188446491957,0.2242926257408248,0.0019624687265604734,0.013229531235992908,1.933486174268375,0.016815075650811195,79.0,0.008256539000285557
0.10185969800113526,0.0014398307539522648,0.22429278227057167,0.001952869351953268,0.013151670806109905,1.9295515845611233,0.016699038445949554,79.0,0.006400468000720139
