{
  "epoch": [
    1,
    2,
    3,
    4,
    5,
    6,
    7,
    8,
    9,
    10,
    11,
    12,
    13,
    14,
    15,
    16,
    17,
    18,
    19,
    20,
    21,
    22,
    23,
    24,
    25,
    26,
    27,
    28,
    29,
    30,
    31,
    32,
    33,
    34,
    35,
    36,
    37,
    38,
    39,
    40,
    41,
    42,
    43,
    44,
    45,
    46,
    47,
    48,
    49,
    50,
    51,
    52,
    53,
    54,
    55,
    56,
    57,
    58,
    59,
    60,
    61,
    62,
    63,
    64,
    65,
    66,
    67,
    68,
    69,
    70,
    71,
    72,
    73,
    74,
    75,
    76,
    77,
    78,
    79,
    80,
    81,
    82,
    83,
    84,
    85,
    86,
    87,
    88,
    89,
    90,
    91,
    92,
    93,
    94,
    95,
    96,
    97,
    98,
    99,
    100,
    101,
    102,
    103,
    104,
    105,
    106,
    107,
    108,
    109,
    110,
    111,
    112,
    113,
    114,
    115,
    116,
    117,
    118,
    119,
    120,
    121,
    122,
    123,
    124,
    125,
    126,
    127,
    128,
    129,
    130,
    131,
    132,
    133,
    134,
    135,
    136,
    137,
    138,
    139,
    140,
    141,
    142,
    143,
    144,
    145,
    146,
    147,
    148,
    149,
    150,
    151,
    152,
    153,
    154,
    155,
    156,
    157,
    158,
    159,
    160,
    161,
    162,
    163,
    164,
    165,
    166,
    167,
    168,
    169,
    170,
    171,
    172,
    173,
    174,
    175,
    176,
    177,
    178,
    179,
    180,
    181,
    182,
    183,
    184,
    185,
    186,
    187,
    188,
    189,
    190,
    191,
    192,
    193,
    194,
    195,
    196,
    197,
    198,
    199,
    200
  ],
  "train_loss": [
    0.015158229507505894,
    0.011732899583876133,
    0.009458760730922222,
    0.008836272172629833,
    0.006068972405046225,
    0.004529543686658144,
    0.007476908154785633,
    0.005510539282113314,
    0.007768956013023853,
    0.00519958883523941,
    0.006023216526955366,
    0.0046348655596375465,
    0.0034605201799422503,
    0.0029972258489578962,
    0.002514471532776952,
    0.0020834540482610464,
    0.0016851804684847593,
    0.0015577051090076566,
    0.001265677041374147,
    0.0016826334176585078,
    0.001712090102955699,
    0.0018142100889235735,
    0.0008198021096177399,
    0.0011547110043466091,
    0.001371546764858067,
    0.0006323804846033454,
    0.0006655820761807263,
    0.0017409644788131118,
    0.0010558583308011293,
    0.0006718536023981869,
    0.00048158501158468425,
    0.0009350301115773618,
    0.0009678520145826042,
    0.0009689415455795825,
    0.0008329129195772111,
    0.00049083266640082,
    0.0010633037891238928,
    0.0007798387086950243,
    0.0003485301567707211,
    0.0005337997572496533,
    0.0007097370689734817,
    0.0007169779273681343,
    0.0007190275355242193,
    0.0005318350740708411,
    0.0003735132049769163,
    0.00029483629623427987,
    0.00048469664761796594,
    0.00024697472690604627,
    0.00032291177194565535,
    0.0005499767139554024,
    0.0004513163003139198,
    0.0008650995441712439,
    0.00025968419504351914,
    0.0007138029905036092,
    0.0004368389490991831,
    0.00034210068406537175,
    0.0003376149106770754,
    0.0003846250183414668,
    0.0004019729676656425,
    0.00045434656203724444,
    0.0006386060849763453,
    0.000591557938605547,
    0.0008576428517699242,
    0.0002961415739264339,
    0.00020498709636740386,
    0.00045347391278482974,
    0.00027089164359495044,
    0.00021083011233713478,
    0.00013062305515632033,
    0.00019787135533988476,
    0.0011206684866920114,
    0.0002061466220766306,
    0.00013950062566436827,
    0.00048577491543255746,
    0.0004705989849753678,
    0.00020042266987729818,
    0.0007687248871661723,
    0.00033892487408593297,
    0.0003808749024756253,
    0.0005014596972614527,
    0.0002788510755635798,
    0.00022067547251936048,
    0.0004812094266526401,
    0.0004284639726392925,
    0.0002662257174961269,
    0.00042021783883683383,
    0.00019426872313488275,
    0.00014205448678694665,
    0.000132197150378488,
    0.0007166193099692464,
    0.00039580187876708806,
    0.00044340541353449225,
    9.562507329974324e-05,
    0.00039271055720746517,
    0.00032340141478925943,
    0.00016458726895507425,
    0.00038103602128103375,
    0.00018780064419843256,
    0.00011585024913074449,
    0.0002452553599141538,
    0.00017560993728693575,
    0.00021614694560412318,
    0.0002835841150954366,
    0.0002025651920121163,
    0.00014237069990485907,
    0.00011687130609061569,
    0.00012792869529221207,
    0.00015208031982183456,
    0.0004098020144738257,
    0.00016411009710282087,
    0.00018796244694385678,
    0.0003315361391287297,
    0.0001253266236744821,
    8.250489918282256e-05,
    0.00016721476276870817,
    0.00010048833792097867,
    0.0001992278266698122,
    0.00016485205560456961,
    0.00035576263326220214,
    0.0002298281469848007,
    5.488689930643886e-05,
    0.0002052684430964291,
    0.000110602930362802,
    0.0001077553752111271,
    0.00016786009655334055,
    0.0001923561649164185,
    8.211734530050308e-05,
    8.049952157307416e-05,
    0.00010213837231276557,
    0.00012989154492970556,
    0.00011188595090061426,
    5.8734141930472106e-05,
    0.00015755697677377611,
    9.052995301317424e-05,
    9.210534335579723e-05,
    0.00019087416876573116,
    0.00012499601871240884,
    6.802973803132772e-05,
    0.000182992298505269,
    0.00015876854013185948,
    0.0002297043683938682,
    0.0001946841657627374,
    0.0001511578739155084,
    0.00018176657613366842,
    0.00024334478075616062,
    0.0004469898995012045,
    9.586741361999884e-05,
    9.365288133267313e-05,
    0.000361940503353253,
    9.512215183349326e-05,
    7.574225310236216e-05,
    0.00011799801723100245,
    0.0001264610909856856,
    4.8871428589336574e-05,
    0.00020907616999465972,
    4.728585190605372e-05,
    0.00014650914818048477,
    0.00023312628036364913,
    9.752367623150349e-05,
    0.00011029039160348475,
    7.666886085644364e-05,
    6.646799738518894e-05,
    0.00014148105401545763,
    7.200666732387617e-05,
    8.72864038683474e-05,
    0.00013628248416353017,
    0.00024390695034526289,
    0.00016074706218205392,
    0.00021563874906860292,
    9.85571532510221e-05,
    9.869971836451441e-05,
    0.00017102777201216668,
    0.00010698140249587595,
    8.728909597266465e-05,
    8.419583173235878e-05,
    0.00012183337821625173,
    0.00014368290430866182,
    0.00020350512932054698,
    0.00010495645983610302,
    0.00011979701230302453,
    0.00017622130690142512,
    0.00015581113984808326,
    0.00012855669774580747,
    0.0002851337194442749,
    0.00012179394252598286,
    0.00017145067977253348,
    0.00018351826292928308,
    0.0001276246039196849,
    7.966553675942123e-05,
    0.00013420153118204325,
    0.00011161266593262553,
    0.0001182912674266845,
    5.956809764029458e-05,
    9.562709601595998e-05,
    0.00014415165060199797,
    7.13444605935365e-05,
    0.00010918552288785577,
    0.0004634222132153809,
    6.005296017974615e-05,
    9.558798046782613e-05
  ],