model_rollout_seconds,one_step_mae,one_step_relative_rmse,one_step_rmse,rollout_mae,rollout_relative_rmse,rollout_rmse,rollout_steps,solver_seconds
0.12157611800103041,0.002429519547149539,0.11547453002902905,0.013286834582686424,0.028667520731687546,1.007192934872385,0.11516411602497101,79.0,0.007406112999888137
0.10565169800065632,0.0023066275753080845,0.1255055989297773,0.013920643366873264,0.028025928884744644,1.0098773246680095,0.1113099530339241,79.0,0.007438687000103528
0.10200248499859299,0.0016259849071502686,0.2528665658492877,0.0022602309472858906,0.015394540503621101,2.3426330530105726,0.020812995731830597,79.0,0.006856939999124734
0.10410438299913949,0.0015812107594683766,0.27252618560695097,0.0022168857976794243,0.014784017577767372,2.5437482369503366,0.020568443462252617,79.0,0.00753236800119339
0.1039487719990575,0.00520635861903429,0.1589080231855628,0.02403649128973484,0.059081267565488815,1.0060948845234758,0.1512296050786972,79.0,0.00635468799919181
0.0998842249991867,0.00558668514713645,0.1658931215195428,0.028405794873833656,0.06384305655956268,1.0079648772473278,0.17151238024234772,79.0,0.006963107000046875
0.10141779399964435,0.0031097601167857647,0.19702780113684776,0.005376521032303572,0.02083582617342472,1.219392144741161,0.03307243436574936,79.0,0.00708607500018843
0.10219722100009676,0.003126354655250907,0.19406782223489427,0.005482061766088009,0.021326245740056038,1.2097192063544044,0.033963922411203384,79.0,0.007100411999999778
