{
  "family": "id",
  "num_cases": 8,
  "model_rollout_seconds": 0.10509783699967556,
  "one_step_mae": 0.00312156266591046,
  "one_step_relative_rmse": 0.18528370606148659,
  "one_step_rmse": 0.011873182957060635,
  "rollout_mae": 0.031494800467044115,
  "rollout_relative_rmse": 1.418327832795959,
  "rollout_rmse": 0.082204231293872,
  "rollout_steps": 79.0,
  "solver_seconds": 0.007092298749967085,
  "model_steps_per_second": 751.680550763798,
  "solver_steps_per_second": 11138.842677822424
}