{
  "family": "parameter_shift",
  "num_cases": 6,
  "model_rollout_seconds": 0.10180966133369414,
  "one_step_mae": 0.0016197047856015463,
  "one_step_relative_rmse": 0.2561798803105793,
  "one_step_rmse": 0.0022482777324815593,
  "rollout_mae": 0.01540582999587059,
  "rollout_relative_rmse": 2.388033857540045,
  "rollout_rmse": 0.020830553025007248,
  "rollout_steps": 79.0,
  "solver_seconds": 0.006978389166458025,
  "model_steps_per_second": 775.9577918746575,
  "solver_steps_per_second": 11320.664141191413
}