model_rollout_seconds,one_step_mae,one_step_relative_rmse,one_step_rmse,rollout_mae,rollout_relative_rmse,rollout_rmse,rollout_steps,solver_seconds
0.10220368500085897,0.0016259849071502686,0.2528665658492877,0.0022602309472858906,0.015394540503621101,2.3426330530105726,0.020812995731830597,79.0,0.007497450000300887
0.10099219900075695,0.0016278347466140985,0.2557638750401841,0.0022609864827245474,0.015395620837807655,2.374630041696953,0.020865611732006073,79.0,0.007027380999716115
0.10088870799881988,0.0016241215635091066,0.2578679258133717,0.0022591908928006887,0.015409338288009167,2.3928061695919975,0.02083718217909336,79.0,0.006997402999331825
0.10195002300133638,0.0016125061083585024,0.25781281715380533,0.0022337352856993675,0.015400661155581474,2.4157856605293424,0.020804690197110176,79.0,0.006311785000434611
0.10018096000021615,0.001612525898963213,0.2560587564523828,0.0022404093760997057,0.015432420186698437,2.395508523541062,0.020833175629377365,79.0,0.006933598999239621
0.10464239300017653,0.001615255489014089,0.2567093415544441,0.0022351134102791548,0.015402399003505707,2.406839696870343,0.020829662680625916,79.0,0.007102716999725089
