{
  "epoch": [
    1,
    2,
    3,
    4,
    5,
    6,
    7,
    8,
    9,
    10
  ],
  "train_loss": [
    0.034065763771097775,
    0.0014049379824427888,
    0.0003604924700602733,
    0.0002937888489616887,
    0.000269004939202458,
    0.00026322687625895323,
    0.0002486291384425558,
    0.00024765789926220087,
    0.0002478615465924686,
    0.0002426700249215392
  ],
  "val_rmse": [
    0.03100540197184679,
    0.016853405818900255,
    0.01604022967590862,
    0.0158887762213617,
    0.01581010690751899,
    0.0156978339492939,
    0.015820635405496428,
    0.01561637874690386,
    0.015645401391261624,
    0.015594567014868436
  ],
  "val_mae": [
    0.012884929446102698,
    0.004416044456648487,
    0.00336863083729544,
    0.0031729870817706553,
    0.0034453075060833106,
    0.0029327671921847366,
    0.0038029890495670745,
    0.002529689796044951,
    0.003310957395978555,
    0.0028147054040403682
  ]
}