accepted_risk,best_curve_accepted_risk,best_curve_coverage,best_curve_reduction_pct,coverage,family,overall_risk,risk_reduction_pct,threshold
0.09097440540790558,0.03307243436574936,0.125,59.7679689767291,0.875,id,0.08220423758029938,-10.668753930159937,889323.875
0.02083406411111355,0.020804690197110176,0.2,0.1409898416684972,1.0,parameter_shift,0.02083406411111355,0.0,889323.875
0.09023837000131607,0.027157584205269814,0.23529411764705882,70.3987500008121,0.9411764705882353,geometry_shift,0.09174472093582153,1.641893854098924,889323.875
