{
  "epoch": [
    1,
    2,
    3,
    4,
    5,
    6,
    7,
    8,
    9,
    10
  ],
  "train_loss": [
    0.005893478471390856,
    0.0005024573540508812,
    0.00024944677375348377,
    0.00023307531424921485,
    0.00022813380707668353,
    0.0002246417737561514,
    0.0002238443432384262,
    0.00022378297840480662,
    0.00022405175291226708,
    0.00022068824862315846
  ],
  "val_rmse": [
    0.036217919865924014,
    0.017805783084857012,
    0.016376053413462686,
    0.016181184066803207,
    0.015991486893854066,
    0.016032665384492176,
    0.01583578961571398,
    0.015900824221940203,
    0.01584881891710769,
    0.015792608489303812
  ],
  "val_mae": [
    0.014521322566780109,
    0.005705166949973076,
    0.004244086055580197,
    0.0037797918613952926,
    0.003343632208961475,
    0.004276974044174333,
    0.0030510246258559108,
    0.00332570637140093,
    0.0034708429623065114,
    0.003125653198413268
  ]
}