{
  "family": "geometry_shift",
  "num_cases": 416,
  "model_rollout_seconds": 0.2855131382328601,
  "one_step_mae": 0.0021066549046596405,
  "one_step_relative_rmse": 0.1266941232427668,
  "one_step_rmse": 0.007914083023654083,
  "rollout_mae": 0.02535018745962029,
  "rollout_relative_rmse": 1.019187821361881,
  "rollout_rmse": 0.06461607446768679,
  "rollout_steps": 199.0,
  "solver_seconds": 0.023517327758152254,
  "model_steps_per_second": 696.9906927284679,
  "solver_steps_per_second": 8461.845752479972
}