{
  "family": "long_rollout",
  "num_cases": 180,
  "long_rollout_rmse": 0.06555607131578856,
  "long_vs_short_ratio": 1.2091786585240054,
  "model_rollout_seconds": 0.2820922028920096,
  "one_step_mae": 0.002037486113840714,
  "one_step_relative_rmse": 0.12253562083674802,
  "one_step_rmse": 0.007789733429025445,
  "rollout_mae": 0.024646133230999113,
  "rollout_relative_rmse": 1.019582498073578,
  "rollout_rmse": 0.06555607131578856,
  "rollout_steps": 199.0,
  "short_rollout_rmse": 0.08527102690552257,
  "solver_seconds": 0.023760793598679206,
  "model_steps_per_second": 705.4431067567688,
  "solver_steps_per_second": 8375.141140532522
}